Data,Serviço,Departamento,Custo_USD
2026-10-01,AWS EC2,TI,485
2026-10-02,Azure SQL,TI,472
2026-10-03,AWS S3,Marketing,95
2026-10-04,AWS Lambda,RH,35
2026-10-05,AWS EC2,TI,450
2026-10-06,Azure SQL,TI,490
2026-10-07,AWS S3,Vendas,120
2026-10-08,AWS Lambda,Marketing,75
2026-10-09,AWS EC2,TI,430
2026-10-10,Azure SQL,TI,465
2026-10-11,AWS S3,RH,55
2026-10-12,AWS Lambda,Vendas,110
2026-10-13,AWS EC2,TI,500
2026-10-14,Azure SQL,TI,480
2026-10-15,AWS S3,Marketing,140
2026-10-16,AWS Lambda,RH,45
2026-10-17,AWS EC2,TI,455
2026-10-18,Azure SQL,TI,470
2026-10-19,AWS S3,Vendas,135
2026-10-20,AWS Lambda,Marketing,85
2026-10-21,AWS EC2,TI,445
2026-10-22,Azure SQL,TI,495
2026-10-23,AWS S3,RH,60
2026-10-24,AWS Lambda,Vendas,125
2026-10-25,AWS EC2,TI,460
2026-10-26,Azure SQL,TI,475
2026-10-27,AWS S3,Marketing,105
2026-10-28,AWS Lambda,RH,40
2026-10-29,AWS EC2,TI,488
2026-10-30,Azure SQL,TI,498
``